receive_order_id,receive_order_row_no,SKU,product_name,quantity,unit_price,sub_total,cancel_flag
93275,1,"RINOBG011L-F-NAT","ワンハンドル ラウンドトート",1,11000.00,11000.00,0
93276,1,"KKKBG005LK","革とカゴの半月ショルダーミニバッグ",1,27500.00,27500.00,0
93303,1,"KKKBG005LK","革とカゴの半月ショルダーミニバッグ",1,27500.00,27500.00,0
93330,1,"KKKBG005LK","革とカゴの半月ショルダーミニバッグ",1,27500.00,27500.00,0
93332,1,"RINO-FR010-X-BLK","抜け感をプラスするラフサークル型 ミニショルダーバッグ",1,16500.00,16500.00,0
93335,1,"RINO-FR013-X-BLK-Y2","【5月7日以降順次発送】長めハンドルの、ゆったりきちんとミニボストン",1,12980.00,12980.00,1
93335,2,"RINO-FR013-X-BLK","【5月7日以降順次発送】長めハンドルの、ゆったりきちんとミニボストン",1,12980.00,12980.00,0
93336,1,"RINO-FR014-X-BLK","【5月7日以降順次発送】 長財布が入る バケツバッグ",1,24200.00,24200.00,0
93337,1,"RINO-FR014-X-BLK","【5月7日以降順次発送】 長財布が入る バケツバッグ",1,24200.00,24200.00,0
93338,1,"RINO-FR013-X-BLK-Y2","【5月7日以降順次発送】長めハンドルの、ゆったりきちんとミニボストン",1,12980.00,12980.00,1
93338,2,"RINO-FR014-X-BLK","【5月7日以降順次発送】 長財布が入る バケツバッグ",1,24200.00,24200.00,0
93338,3,"RINO-FR013-X-BLK","【5月7日以降順次発送】長めハンドルの、ゆったりきちんとミニボストン",1,12980.00,12980.00,0
93339,1,"RINO-FR014-X-BLK","【5月7日以降順次発送】 長財布が入る バケツバッグ",1,24200.00,24200.00,0
93340,1,"RINO-FR013-X-BLK-Y2","【5月7日以降順次発送】長めハンドルの、ゆったりきちんとミニボストン",1,12980.00,12980.00,1
93340,2,"RINO-FR013-X-BLK","【5月7日以降順次発送】長めハンドルの、ゆったりきちんとミニボストン",1,12980.00,12980.00,0
93341,1,"RINO-FR013-X-BLK-Y2","【5月7日以降順次発送】長めハンドルの、ゆったりきちんとミニボストン",1,12980.00,12980.00,1
93341,2,"RINO-FR013-X-BLK","【5月7日以降順次発送】長めハンドルの、ゆったりきちんとミニボストン",1,12980.00,12980.00,0
93342,1,"RINO-FR013-X-BLK-Y2","【5月7日以降順次発送】長めハンドルの、ゆったりきちんとミニボストン",1,12980.00,12980.00,1
93342,2,"RINO-FR013-X-BLK","【5月7日以降順次発送】長めハンドルの、ゆったりきちんとミニボストン",1,12980.00,12980.00,0
93343,1,"RINO-FR013-X-BLK-Y2","【5月7日以降順次発送】長めハンドルの、ゆったりきちんとミニボストン",1,12980.00,12980.00,1
93343,2,"RINO-FR013-X-BLK","【5月7日以降順次発送】長めハンドルの、ゆったりきちんとミニボストン",1,12980.00,12980.00,0
93344,1,"RINO-FR014-X-BLK","【5月7日以降順次発送】 長財布が入る バケツバッグ",1,24200.00,24200.00,0
93345,1,"RINO-FR014-X-BLK","【5月7日以降順次発送】 長財布が入る バケツバッグ",1,24200.00,24200.00,0
93346,1,"RINO-FR013-X-BLK-Y2","【5月7日以降順次発送】長めハンドルの、ゆったりきちんとミニボストン",1,12980.00,12980.00,1
93346,2,"RINO-FR014-X-BLK","【5月7日以降順次発送】 長財布が入る バケツバッグ",1,24200.00,24200.00,0
93346,3,"RINO-FR013-X-BLK","【5月7日以降順次発送】長めハンドルの、ゆったりきちんとミニボストン",1,12980.00,12980.00,0
93347,1,"RINO-FR013-X-BLK-Y2","【5月7日以降順次発送】長めハンドルの、ゆったりきちんとミニボストン",1,12980.00,12980.00,1
93347,2,"RINO-FR013-X-BLK","【5月7日以降順次発送】長めハンドルの、ゆったりきちんとミニボストン",1,12980.00,12980.00,0
93348,1,"RINO-FR013-X-BLK-Y2","【5月7日以降順次発送】長めハンドルの、ゆったりきちんとミニボストン",1,12980.00,12980.00,1
93348,2,"RINO-FR013-X-BLK","【5月7日以降順次発送】長めハンドルの、ゆったりきちんとミニボストン",1,12980.00,12980.00,0
93349,1,"RINO-FR013-X-BLK-Y2","【5月7日以降順次発送】長めハンドルの、ゆったりきちんとミニボストン",1,12980.00,12980.00,1
93349,2,"RINO-FR013-X-BLK","【5月7日以降順次発送】長めハンドルの、ゆったりきちんとミニボストン",1,12980.00,12980.00,0
93350,1,"RINO-FR013-X-BLK-Y2","【5月7日以降順次発送】長めハンドルの、ゆったりきちんとミニボストン",1,12980.00,12980.00,1
93350,2,"RINO-FR013-X-BLK","【5月7日以降順次発送】長めハンドルの、ゆったりきちんとミニボストン",1,12980.00,12980.00,0
93351,1,"RINO-FR014-X-BLK","【5月7日以降順次発送】 長財布が入る バケツバッグ",1,24200.00,24200.00,0
93352,1,"RINO-FR013-X-BLK-Y2","【5月7日以降順次発送】長めハンドルの、ゆったりきちんとミニボストン",1,12980.00,12980.00,1
93352,2,"RINO-FR013-X-BLK","【5月7日以降順次発送】長めハンドルの、ゆったりきちんとミニボストン",1,12980.00,12980.00,0
93353,1,"RINO-FR013-X-BLK-Y2","【5月7日以降順次発送】長めハンドルの、ゆったりきちんとミニボストン",1,12980.00,12980.00,1
93353,2,"RINO-FR013-X-BLK","【5月7日以降順次発送】長めハンドルの、ゆったりきちんとミニボストン",1,12980.00,12980.00,0
93354,1,"RINO-FR013-X-BLK-Y2","【5月7日以降順次発送】長めハンドルの、ゆったりきちんとミニボストン",1,12980.00,12980.00,1
93354,2,"RINO-FR013-X-BLK","【5月7日以降順次発送】長めハンドルの、ゆったりきちんとミニボストン",1,12980.00,12980.00,0
93355,1,"RINO-FR014-X-BLK","【5月7日以降順次発送】 長財布が入る バケツバッグ",1,24200.00,24200.00,0
93356,1,"RINO-FR013-X-BLK-Y2","【5月7日以降順次発送】長めハンドルの、ゆったりきちんとミニボストン",1,12980.00,12980.00,1
93356,2,"RINO-FR013-X-BLK","【5月7日以降順次発送】長めハンドルの、ゆったりきちんとミニボストン",1,12980.00,12980.00,0
93357,1,"RINO-FR014-X-BLK","【5月7日以降順次発送】 長財布が入る バケツバッグ",1,24200.00,24200.00,0
93358,1,"RINO-FR013-X-BLK-Y2","【5月7日以降順次発送】長めハンドルの、ゆったりきちんとミニボストン",1,12980.00,12980.00,1
93358,2,"RINO-FR013-X-BLK","【5月7日以降順次発送】長めハンドルの、ゆったりきちんとミニボストン",1,12980.00,12980.00,0
93359,1,"RINO-FR013-X-BLK-Y2","【5月7日以降順次発送】長めハンドルの、ゆったりきちんとミニボストン",1,12980.00,12980.00,1
93359,2,"RINO-FR013-X-BLK","【5月7日以降順次発送】長めハンドルの、ゆったりきちんとミニボストン",1,12980.00,12980.00,0
93360,1,"RINO-FR014-X-BLK","【5月7日以降順次発送】 長財布が入る バケツバッグ",1,24200.00,24200.00,0
93361,1,"RINO-FR013-X-BLK-Y2","【5月7日以降順次発送】長めハンドルの、ゆったりきちんとミニボストン",1,12980.00,12980.00,1
93361,2,"RINO-FR013-X-BLK","【5月7日以降順次発送】長めハンドルの、ゆったりきちんとミニボストン",1,12980.00,12980.00,0
93362,1,"RINO-FR014-X-BLK","【5月7日以降順次発送】 長財布が入る バケツバッグ",1,24200.00,24200.00,0
93363,1,"RINO-FR013-X-BLK-Y2","【5月7日以降順次発送】長めハンドルの、ゆったりきちんとミニボストン",1,12980.00,12980.00,1
93363,2,"RINO-FR013-X-BLK","【5月7日以降順次発送】長めハンドルの、ゆったりきちんとミニボストン",1,12980.00,12980.00,0
93364,1,"RINO-FR013-X-BLK-Y2","【5月7日以降順次発送】長めハンドルの、ゆったりきちんとミニボストン",1,12980.00,12980.00,1
93364,2,"RINO-FR013-X-BLK","【5月7日以降順次発送】長めハンドルの、ゆったりきちんとミニボストン",1,12980.00,12980.00,0
93365,1,"RINO-FR013-X-BLK-Y2","【5月7日以降順次発送】長めハンドルの、ゆったりきちんとミニボストン",1,12980.00,12980.00,1
93365,2,"RINO-FR013-X-BLK","【5月7日以降順次発送】長めハンドルの、ゆったりきちんとミニボストン",1,12980.00,12980.00,0
93366,1,"RINO-FR013-X-BLK-Y2","【5月7日以降順次発送】長めハンドルの、ゆったりきちんとミニボストン",1,12980.00,12980.00,1
93366,2,"RINO-FR013-X-BLK","【5月7日以降順次発送】長めハンドルの、ゆったりきちんとミニボストン",1,12980.00,12980.00,0
93367,1,"RINO-FR013-X-BLK-Y2","【5月7日以降順次発送】長めハンドルの、ゆったりきちんとミニボストン",1,12980.00,12980.00,1
93367,2,"RINO-FR013-X-BLK","【5月7日以降順次発送】長めハンドルの、ゆったりきちんとミニボストン",1,12980.00,12980.00,0
93368,1,"RINO-FR013-X-BLK-Y2","【5月7日以降順次発送】長めハンドルの、ゆったりきちんとミニボストン",1,12980.00,12980.00,1
93368,2,"RINO-FR013-X-BLK","【5月7日以降順次発送】長めハンドルの、ゆったりきちんとミニボストン",1,12980.00,12980.00,0
93369,1,"RINO-FR014-X-BLK","【5月7日以降順次発送】 長財布が入る バケツバッグ",1,24200.00,24200.00,0
93370,1,"RINO-FR013-X-BLK-Y2","【5月7日以降順次発送】長めハンドルの、ゆったりきちんとミニボストン",1,12980.00,12980.00,1
93370,2,"RINO-FR013-X-BLK","【5月7日以降順次発送】長めハンドルの、ゆったりきちんとミニボストン",1,12980.00,12980.00,0
93371,1,"RINO-FR014-X-BLK","【5月7日以降順次発送】 長財布が入る バケツバッグ",1,24200.00,24200.00,0
93372,1,"RINO-FR014-X-BLK","【5月7日以降順次発送】 長財布が入る バケツバッグ",1,24200.00,24200.00,0
93373,1,"RINO-FR013-X-BLK-Y2","【5月7日以降順次発送】長めハンドルの、ゆったりきちんとミニボストン",1,12980.00,12980.00,1
93373,2,"RINO-FR013-X-BLK","【5月7日以降順次発送】長めハンドルの、ゆったりきちんとミニボストン",1,12980.00,12980.00,0
93374,1,"RINO-FR013-X-BLK-Y2","【5月7日以降順次発送】長めハンドルの、ゆったりきちんとミニボストン",1,12980.00,12980.00,1
93374,2,"RINO-FR013-X-BLK","【5月7日以降順次発送】長めハンドルの、ゆったりきちんとミニボストン",1,12980.00,12980.00,0
93375,1,"RINO-FR014-X-BLK","【5月7日以降順次発送】 長財布が入る バケツバッグ",1,24200.00,24200.00,0
93376,1,"RINO-FR014-X-BLK","【5月7日以降順次発送】 長財布が入る バケツバッグ",1,24200.00,24200.00,0
93377,1,"RINO-FR013-X-BLK-Y2","【5月7日以降順次発送】長めハンドルの、ゆったりきちんとミニボストン",1,12980.00,12980.00,1
93377,2,"RINO-FR013-X-BLK","【5月7日以降順次発送】長めハンドルの、ゆったりきちんとミニボストン",1,12980.00,12980.00,0
93378,1,"RINO-FR013-X-BLK-Y2","【5月7日以降順次発送】長めハンドルの、ゆったりきちんとミニボストン",1,12980.00,12980.00,1
93378,2,"RINO-FR013-X-BLK","【5月7日以降順次発送】長めハンドルの、ゆったりきちんとミニボストン",1,12980.00,12980.00,0
93380,1,"RINO-FR013-X-BLK-Y2","【5月7日以降順次発送】長めハンドルの、ゆったりきちんとミニボストン",1,12980.00,12980.00,1
93380,2,"RINO-FR013-X-BLK","【5月7日以降順次発送】長めハンドルの、ゆったりきちんとミニボストン",1,12980.00,12980.00,0
93381,1,"RINO-FR013-X-BLK-Y2","【5月7日以降順次発送】長めハンドルの、ゆったりきちんとミニボストン",1,12980.00,12980.00,1
93381,2,"RINO-FR013-X-BLK","【5月7日以降順次発送】長めハンドルの、ゆったりきちんとミニボストン",1,12980.00,12980.00,0
93382,1,"RINO-FR013-X-BLK","【5月7日以降順次発送】長めハンドルの、ゆったりきちんとミニボストン",1,12980.00,12980.00,0
93383,1,"RINO-FR013-X-BLK","【5月7日以降順次発送】長めハンドルの、ゆったりきちんとミニボストン",1,12980.00,12980.00,0
93384,1,"RINO-FR013-X-BLK","【5月7日以降順次発送】長めハンドルの、ゆったりきちんとミニボストン",1,12980.00,12980.00,0
93385,1,"RINO-FR012-X-BLK","ぶら下げる小さなキーウォレット（キーリング付き）　*ストラップ別売",1,4950.00,4950.00,0
93385,2,"RINO-FR013-X-BLK","【5月7日以降順次発送】長めハンドルの、ゆったりきちんとミニボストン",1,12980.00,12980.00,0
93386,1,"RINO-FR013-X-BLK","【5月7日以降順次発送】長めハンドルの、ゆったりきちんとミニボストン",1,12980.00,12980.00,0
93387,1,"RINO-FR013-X-BLK","【5月7日以降順次発送】長めハンドルの、ゆったりきちんとミニボストン",1,12980.00,12980.00,0
93388,1,"RINO-FR013-X-BLK","【5月7日以降順次発送】長めハンドルの、ゆったりきちんとミニボストン",1,12980.00,12980.00,0
93389,1,"RINO-FR014-X-BLK","【5月7日以降順次発送】 長財布が入る バケツバッグ",1,24200.00,24200.00,0
93390,1,"RINO-FR014-X-BLK","【5月7日以降順次発送】 長財布が入る バケツバッグ",1,24200.00,24200.00,0
93391,1,"RINO-FR013-X-BLK","【5月7日以降順次発送】長めハンドルの、ゆったりきちんとミニボストン",1,12980.00,12980.00,0
93393,1,"RINO-FR013-X-BLK","【5月7日以降順次発送】長めハンドルの、ゆったりきちんとミニボストン",1,12980.00,12980.00,0
93395,1,"RINO-FR013-X-BLK","【5月7日以降順次発送】長めハンドルの、ゆったりきちんとミニボストン",1,12980.00,12980.00,0
93397,1,"RINO-SY013-X-ORG","指輪が2個入る がま口指輪ケース",1,2640.00,2640.00,0
93400,1,"RINO-FR013-X-BLK","【5月7日以降順次発送】長めハンドルの、ゆったりきちんとミニボストン",1,12980.00,12980.00,0
93401,1,"RINO-FR013-X-BLK","【5月7日以降順次発送】長めハンドルの、ゆったりきちんとミニボストン",1,12980.00,12980.00,0
93402,1,"RINO-FR013-X-BLK","【5月7日以降順次発送】長めハンドルの、ゆったりきちんとミニボストン",1,12980.00,12980.00,0
93404,1,"RINO-FR013-X-BLK","【5月7日以降順次発送】長めハンドルの、ゆったりきちんとミニボストン",1,12980.00,12980.00,0
93405,1,"RINO-FR014-X-BLK","【5月7日以降順次発送】 長財布が入る バケツバッグ",1,24200.00,24200.00,0
93406,1,"RINO-FR013-X-BLK","【5月7日以降順次発送】長めハンドルの、ゆったりきちんとミニボストン",1,12980.00,12980.00,0
93407,1,"RINO-FR013-X-BLK","【5月7日以降順次発送】長めハンドルの、ゆったりきちんとミニボストン",1,12980.00,12980.00,0
93408,1,"RINO-FR013-X-BLK","【5月7日以降順次発送】長めハンドルの、ゆったりきちんとミニボストン",1,12980.00,12980.00,0
93411,1,"RINO-FR013-X-BLK","【5月7日以降順次発送】長めハンドルの、ゆったりきちんとミニボストン",1,12980.00,12980.00,0
93412,1,"RINO-FR013-X-BLK","【5月7日以降順次発送】長めハンドルの、ゆったりきちんとミニボストン",1,12980.00,12980.00,0
93413,1,"RINOBG009L-Y-BLK","ショルダーバッグ 【yoepコラボ】",1,13970.00,13970.00,0
93419,1,"RINO-FR010-X-BLK","抜け感をプラスするラフサークル型 ミニショルダーバッグ",1,16500.00,16500.00,0
93423,1,"RINO-FR014-X-BLK","【5月7日以降順次発送】 長財布が入る バケツバッグ",1,24200.00,24200.00,0
93440,1,"RINO-FR014-X-BLK","【5月7日以降順次発送】 長財布が入る バケツバッグ",1,24200.00,24200.00,0
93441,1,"RINO-FR014-X-BLK","【5月7日以降順次発送】 長財布が入る バケツバッグ",1,24200.00,24200.00,0
93445,1,"RINOBG006L-P-BLK","雨の日のお気に入り  防水スエードを使った巾着ミニショルダーバッグ",1,8910.00,8910.00,0
93446,1,"RINO-FR014-X-BLK","長財布が入る バケツバッグ",1,24200.00,24200.00,0
93447,1,"RINOBG006L-P-BLK","雨の日のお気に入り  防水スエードを使った巾着ミニショルダーバッグ",1,8910.00,8910.00,0
93447,2,"RINO-FR013-X-BLK","長めハンドルの、ゆったりきちんとミニボストン",1,12980.00,12980.00,0
93448,1,"RINO-SY012-X-BLU","カードポケット付きがま口小銭入れ",1,3300.00,3300.00,0
93448,2,"RINO-SY012-X-BRN","カードポケット付きがま口小銭入れ",1,3300.00,3300.00,0
93451,1,"RINO-FR013-X-BLK","長めハンドルの、ゆったりきちんとミニボストン",1,12980.00,12980.00,0
93453,1,"RINO-FR014-X-BLK","長財布が入る バケツバッグ",1,24200.00,24200.00,0
93454,1,"RINO-FR013-X-BLK","長めハンドルの、ゆったりきちんとミニボストン",1,12980.00,12980.00,0
93464,1,"RINOBG011L-F-NAT","ワンハンドル ラウンドトート",1,11000.00,11000.00,0
93471,1,"RINO-SY035-X-BLK","ぶら下げる小さな丸ポーチ　厚みがあるアイテム向け （アクセサリーケース ）MARUポーチ　*ストラップ別売",2,5500.00,11000.00,0
93471,2,"RINO-SY036-X-BLK","ショートストラップ（片側カン付きタイプ）",1,1485.00,1485.00,0
93485,1,"RINO-SY035-X-BLK","ぶら下げる小さな丸ポーチ　厚みがあるアイテム向け （アクセサリーケース ）MARUポーチ　*ストラップ別売",1,5500.00,5500.00,0
93500,1,"RINO-FR013-X-BLK","長めハンドルの、ゆったりきちんとミニボストン",1,12980.00,12980.00,0
93501,1,"RINO-FR014-X-BLK","長財布が入る バケツバッグ",1,24200.00,24200.00,0
93510,1,"RINO-FR014-X-BLK","長財布が入る バケツバッグ",1,24200.00,24200.00,0
93521,1,"RINO-FR006-X-BLK","ショートストラップ（両側カン付きタイプ）",2,1980.00,3960.00,0
93521,2,"RINO-SY036-X-BLK","ショートストラップ（片側カン付きタイプ）",1,1485.00,1485.00,0
93529,1,"RINO-FR003-X-BLK","ミニカバンにおすすめミニ財布",1,5720.00,5720.00,0
93530,1,"RINO-FR013-X-BLK","長めハンドルの、ゆったりきちんとミニボストン",1,12980.00,12980.00,0
93531,1,"RINO-FR013-X-BLK","長めハンドルの、ゆったりきちんとミニボストン",1,12980.00,12980.00,0
93537,1,"RINO-FR014-X-BLK","長財布が入る バケツバッグ",1,24200.00,24200.00,0
93544,1,"RINO-FR011-X-GRY","ショルダーストラップ ボックス付き(スマホ/ポーチ/ハンディファンなど向け）本革日本製",1,3480.00,3480.00,0
93558,1,"RINOBG011L-F-NAT","ワンハンドル ラウンドトート",1,11000.00,11000.00,0
93564,1,"RINOKO001BLK","[超軽量] [撥水] 指1本で軽々持ち上がる 2WAYトート",1,17985.00,17985.00,0
93569,1,"RINO-FR010-X-BLK","抜け感をプラスするラフサークル型 ミニショルダーバッグ",1,16500.00,16500.00,0
93570,1,"RINOBG011L-F-NAT","ワンハンドル ラウンドトート",1,11000.00,11000.00,0
93599,1,"RINO-FR014-X-BLK","長財布が入る バケツバッグ",1,24200.00,24200.00,0
93613,1,"RINOBG010L-P-SPK","ピッグスエード ロゴトート（サーモンピンク）",1,6985.00,6985.00,0
93618,1,"RINODO004BLK","大きく開くがま口財布【yoepコラボ】",1,9900.00,9900.00,0
93619,1,"RINO-SY013-X-BLK","指輪が2個入る がま口指輪ケース",1,2640.00,2640.00,0
93621,1,"RINO-SY013-X-ORG","指輪が2個入る がま口指輪ケース",1,2640.00,2640.00,0
93621,2,"RINO-SY026-X-ORG","イヤリングやネックレス・指輪の収納に。がま口アクセサリーケース",1,3580.00,3580.00,0
93624,1,"RINO-FR012-X-BLK","ぶら下げる小さなキーウォレット（キーリング付き）　*ストラップ別売",1,4950.00,4950.00,0
93633,1,"RINOBG011L-P-BLK","リバーシブルトート（ピッグスエード/ リネン）",1,14850.00,14850.00,0
93649,1,"RINO-FR013-X-BLK","長めハンドルの、ゆったりきちんとミニボストン",1,12980.00,12980.00,0
93654,1,"RINO-FR002-X-BLK","大人の女性に向けたシンプル上品本革ミニショルダーバッグ（縦型）",1,13970.00,13970.00,0
93655,1,"RINO-FR001-X-BLK","ミニショルダーバッグ / ブラック【Rinori】",1,13970.00,6985.00,0
93656,1,"RINO-FR002-X-BLK","大人の女性に向けたシンプル上品本革ミニショルダーバッグ（縦型）",1,13970.00,13970.00,0
93671,1,"RINODO005","[5月24日販売開始] TOTONOU BAG 2nd  - 余白を持ち歩く-【amiroomコラボ】",1,16500.00,16500.00,1
93671,2,"RINODO005WHT","[5月24日販売開始] TOTONOU BAG 2nd  - 余白を持ち歩く-【amiroomコラボ】",1,16500.00,16500.00,0
93672,1,"RINODO005","[5月24日販売開始] TOTONOU BAG 2nd  - 余白を持ち歩く-【amiroomコラボ】",1,16500.00,16500.00,1
93672,2,"RINODO005WHT","[5月24日販売開始] TOTONOU BAG 2nd  - 余白を持ち歩く-【amiroomコラボ】",1,16500.00,16500.00,0
93673,1,"RINODO005","[5月24日販売開始] TOTONOU BAG 2nd  - 余白を持ち歩く-【amiroomコラボ】",1,16500.00,16500.00,1
93673,2,"RINODO005WHT","[5月24日販売開始] TOTONOU BAG 2nd  - 余白を持ち歩く-【amiroomコラボ】",1,16500.00,16500.00,0
93674,1,"RINODO005","[5月24日販売開始] TOTONOU BAG 2nd  - 余白を持ち歩く-【amiroomコラボ】",1,16500.00,16500.00,1
93674,2,"RINODO005WHT","[5月24日販売開始] TOTONOU BAG 2nd  - 余白を持ち歩く-【amiroomコラボ】",1,16500.00,16500.00,0
93675,1,"RINODO005","[5月24日販売開始] TOTONOU BAG 2nd  - 余白を持ち歩く-【amiroomコラボ】",1,16500.00,16500.00,1
93675,2,"RINODO005WHT","[5月24日販売開始] TOTONOU BAG 2nd  - 余白を持ち歩く-【amiroomコラボ】",1,16500.00,16500.00,0
93676,1,"RINODO005","[5月24日販売開始] TOTONOU BAG 2nd  - 余白を持ち歩く-【amiroomコラボ】",1,16500.00,16500.00,1
93676,2,"RINODO005WHT","[5月24日販売開始] TOTONOU BAG 2nd  - 余白を持ち歩く-【amiroomコラボ】",1,16500.00,16500.00,0
93677,1,"RINODO005","[5月24日販売開始] TOTONOU BAG 2nd  - 余白を持ち歩く-【amiroomコラボ】",1,16500.00,16500.00,1
93677,2,"RINODO005WHT","[5月24日販売開始] TOTONOU BAG 2nd  - 余白を持ち歩く-【amiroomコラボ】",1,16500.00,16500.00,0
93678,1,"RINODO005","[5月24日販売開始] TOTONOU BAG 2nd  - 余白を持ち歩く-【amiroomコラボ】",1,16500.00,16500.00,1
93678,2,"RINODO005WHT","[5月24日販売開始] TOTONOU BAG 2nd  - 余白を持ち歩く-【amiroomコラボ】",1,16500.00,16500.00,0
93679,1,"RINODO005","[5月24日販売開始] TOTONOU BAG 2nd  - 余白を持ち歩く-【amiroomコラボ】",1,16500.00,16500.00,1
93679,2,"RINODO005WHT","[5月24日販売開始] TOTONOU BAG 2nd  - 余白を持ち歩く-【amiroomコラボ】",1,16500.00,16500.00,0
93680,1,"RINODO005","[5月24日販売開始] TOTONOU BAG 2nd  - 余白を持ち歩く-【amiroomコラボ】",1,16500.00,16500.00,1
93680,2,"RINODO005WHT","[5月24日販売開始] TOTONOU BAG 2nd  - 余白を持ち歩く-【amiroomコラボ】",1,16500.00,16500.00,0
93681,1,"RINODO005","[5月24日販売開始] TOTONOU BAG 2nd  - 余白を持ち歩く-【amiroomコラボ】",1,16500.00,16500.00,1
93681,2,"RINODO005WHT","[5月24日販売開始] TOTONOU BAG 2nd  - 余白を持ち歩く-【amiroomコラボ】",1,16500.00,16500.00,0
93682,1,"RINODO005","[5月24日販売開始] TOTONOU BAG 2nd  - 余白を持ち歩く-【amiroomコラボ】",1,16500.00,16500.00,1
93682,2,"RINODO005WHT","[5月24日販売開始] TOTONOU BAG 2nd  - 余白を持ち歩く-【amiroomコラボ】",1,16500.00,16500.00,0
93687,1,"RINODO005","[5月24日販売開始] TOTONOU BAG 2nd  - 余白を持ち歩く-【amiroomコラボ】",1,16500.00,16500.00,1
93687,2,"RINODO005WHT","[5月24日販売開始] TOTONOU BAG 2nd  - 余白を持ち歩く-【amiroomコラボ】",1,16500.00,16500.00,0
93688,1,"RINODO005","[5月24日販売開始] TOTONOU BAG 2nd  - 余白を持ち歩く-【amiroomコラボ】",1,16500.00,16500.00,1
93688,2,"RINODO005WHT","[5月24日販売開始] TOTONOU BAG 2nd  - 余白を持ち歩く-【amiroomコラボ】",1,16500.00,16500.00,0
93689,1,"RINO-FR004-X-GRY","ティッシュポーチ",1,4800.00,4800.00,0
93689,2,"RINO-FR012-X-BLK","ぶら下げる小さなキーウォレット（キーリング付き）　*ストラップ別売",1,4950.00,4950.00,0
93690,1,"RINODO005","[5月24日販売開始] TOTONOU BAG 2nd  - 余白を持ち歩く-【amiroomコラボ】",1,16500.00,16500.00,1
93690,2,"RINODO005WHT","【amiroomコラボ】TOTONOUBAG第2弾",1,16500.00,16500.00,0
93694,1,"RINODO005","[5月24日販売開始] TOTONOU BAG 2nd  - 余白を持ち歩く-【amiroomコラボ】",1,16500.00,16500.00,1
93694,2,"RINODO005WHT","[5月24日販売開始] TOTONOU BAG 2nd  - 余白を持ち歩く-【amiroomコラボ】",1,16500.00,16500.00,0
93700,1,"RINODO005","[5月24日販売開始] TOTONOU BAG 2nd  - 余白を持ち歩く-【amiroomコラボ】",1,16500.00,16500.00,1
93700,2,"RINODO005WHT","[5月24日販売開始] TOTONOU BAG 2nd  - 余白を持ち歩く-【amiroomコラボ】",1,16500.00,16500.00,0
93715,1,"RINO-FR013-X-BLK","長めハンドルの、ゆったりきちんとミニボストン",1,12980.00,12980.00,0
93718,1,"RINODO005","[5月24日販売開始] TOTONOU BAG 2nd  - 余白を持ち歩く-【amiroomコラボ】",1,16500.00,16500.00,1
93718,2,"RINODO005WHT","[5月24日販売開始] TOTONOU BAG 2nd  - 余白を持ち歩く-【amiroomコラボ】",1,16500.00,16500.00,0
93719,1,"RINO-FR013-X-BLK","長めハンドルの、ゆったりきちんとミニボストン",1,12980.00,12980.00,0
93722,1,"RINO-FR013-X-BLK","長めハンドルの、ゆったりきちんとミニボストン",1,12980.00,12980.00,0
93723,1,"RINOBG010L-P-BEG","ライトなピッグスエードロゴトート (A4サイズ収納可）",1,6985.00,6985.00,0
93723,2,"RINO-FR013-X-BLK","長めハンドルの、ゆったりきちんとミニボストン",1,12980.00,12980.00,0
93730,1,"RINOBG001L-M-BLK","ワンハンドルバッグ（M）",1,15840.00,15840.00,0
93732,1,"RINO-FR010-X-BLK","ラフサークル型 ミニショルダーバッグ / ブラック",1,16500.00,16500.00,0